id,employee_name,job_title,salary
1,Jon Ball,Mobile App Developer,7348.0
2,Denise Nelson,IT Consultant,10237.0
3,Amanda Harris,Full Stack Developer,6632.0
4,Danielle Moore,DevOps Engineer,13843.0
5,Lindsey Young,Project Manager (IT),1499.0
6,Diane Potter,Cybersecurity Specialist,5035.0
7,John Griffin,Systems Administrator,7397.0
8,Tiffany Zimmerman,Software Developer,14662.0
9,Raymond Lowery,UX/UI Designer,1601.0
10,Michael Gonzalez,IT Consultant,8498.0
11,Kimberly Allen,IT Support Specialist,13428.0
12,Heather Griffith,Data Scientist,13593.0
13,Jason Johnson,IT Support Specialist,10087.0
14,Ariana Blair,Cloud Architect,11460.0
15,Shawna Boone,Systems Administrator,9896.0
16,David Soto,Cloud Architect,2780.0
17,Nancy Smith,Database Administrator,1613.0
18,Christopher Lozano,Systems Analyst,13077.0
19,Donald White,IT Trainer,1866.0
20,Michael Sanchez,Business Analyst,4736.0
21,Tammy Castro,Mobile App Developer,14239.0
22,Christopher Bowman,IT Sales Representative,11778.0
23,Elizabeth Young,Business Analyst,9882.0
24,Penny Barnes,IT Operations Manager,14880.0
25,Jeanette Lang,Network Administrator,7553.0
26,Dylan Walter,ERP Consultant,10148.0
27,Heidi Martinez,IT Recruiter,6809.0
28,Nicholas Smith,QA Engineer,13132.0
29,Brian Shaffer,Project Manager (IT),1885.0
30,Brittany Baker,IT Operations Manager,3987.0
31,Gregory Bryant,Mobile App Developer,13086.0
32,Jennifer Chavez,IT Sales Representative,7555.0
33,Teresa Myers,IT Support Specialist,8277.0
34,Linda Young,Network Administrator,7543.0
35,Kenneth Sexton,Web Developer,8810.0
36,Olivia Schmidt,Data Scientist,1777.0
37,Larry Davis,IT Operations Manager,10328.0
38,John Gutierrez,Network Engineer,6132.0
39,Angela Knapp,Data Scientist,7039.0
40,Jessica Pham,IT Manager,10579.0
41,Christine Morales,IT Operations Manager,9849.0
42,Tina Velasquez,Systems Analyst,13370.0
43,Rebecca Berg,Systems Analyst,14962.0
44,Tammy Branch,ERP Consultant,14092.0
45,Jeffrey Vincent,UX/UI Designer,3248.0
46,Sara Smith,Full Stack Developer,14538.0
47,Michael Dunn,IT Sales Representative,5034.0
48,Zoe Johnson,Cloud Architect,9306.0
49,Kevin Roberts,Systems Administrator,6280.0
50,Kevin Harrington,Database Administrator,1967.0
51,Jamie Allison,Business Analyst,2803.0
52,Shannon Burton,Full Stack Developer,14997.0
53,Christopher Davis,Database Administrator,3442.0
54,Anthony Tucker,Network Administrator,11175.0
55,Joshua Adams,IT Consultant,7667.0
56,Jason Williams,Security Analyst,5201.0
57,Colleen Solomon,Web Developer,6523.0
58,John Weiss,IT Operations Manager,7290.0
59,Rhonda Martinez,Data Scientist,10683.0
60,Patricia Stewart,Full Stack Developer,6490.0
61,Dean Montgomery,IT Support Specialist,1781.0
62,Joseph Palmer,IT Trainer,2043.0
63,Stephen Martin,Systems Analyst,679.0
64,David Thompson,IT Manager,2347.0
65,Evan Pollard,Database Administrator,3228.0
66,Carol Young,Systems Analyst,8456.0
67,Lance Lewis,Cybersecurity Specialist,13695.0
68,Lauren Arnold,IT Consultant,5800.0
69,Judith Moore,IT Trainer,10902.0
70,Jeffrey Martinez,Cloud Architect,12983.0
71,Jessica Gonzalez,IT Sales Representative,8007.0
72,Gabriella Williams,IT Manager,1353.0
73,Jessica Benjamin,Software Developer,1919.0
74,Eugene Kline,Web Developer,4779.0
75,Richard Hughes,Front-end Developer,5738.0
76,Jesse Nelson,Database Administrator,4913.0
77,Christopher Johnson,Network Engineer,8837.0
78,Nicholas Johnson,IT Auditor,14610.0
79,Patricia Rivera,Network Engineer,9035.0
80,Jason Carter,IT Operations Manager,13306.0
81,Brooke Johnson,Project Manager (IT),10652.0
82,Robert Peterson,IT Manager,11540.0
83,Mary Fleming,Data Scientist,1898.0
84,Ronnie Blair,Mobile App Developer,13847.0
85,Cheryl Gardner,Web Developer,6254.0
86,Daniel Huber,IT Sales Representative,3022.0
87,John Rodriguez,Back-end Developer,14208.0
88,Briana Scott,Technical Writer (IT),2448.0
89,William Cook,Project Manager (IT),14193.0
90,Kathleen Sanchez,IT Manager,3379.0
91,Tina Garcia,IT Sales Representative,11243.0
92,Victoria Smith,DevOps Engineer,14009.0
93,Jacob Moore,Mobile App Developer,14890.0
94,Betty Garza,Mobile App Developer,12854.0
95,Emily Morton,Data Scientist,6251.0
96,Richard Butler,Cybersecurity Specialist,3792.0
97,Catherine Marshall,Database Administrator,4860.0
98,Erin Lynch,Mobile App Developer,14144.0
99,Gregory Mcpherson,Business Analyst,5353.0
100,Joshua Holt,IT Recruiter,10007.0
101,Billy Thomas,Mobile App Developer,10424.0
102,Wayne Jones,Project Manager (IT),14634.0
103,Scott White,Web Developer,6204.0
104,Colleen Olsen,Security Analyst,13198.0
105,Laura Brandt,Data Scientist,4989.0
106,Douglas Harmon,Web Developer,12815.0
107,Paul Miller,IT Consultant,13663.0
108,Christopher Mitchell,Technical Writer (IT),3197.0
109,James Jones,Database Administrator,4564.0
110,Scott Davis,Project Manager (IT),3457.0
111,Patrick Acevedo,Data Scientist,8958.0
112,Vanessa Bell,Systems Administrator,7224.0
113,Joshua Farmer,Technical Writer (IT),4191.0
114,Mary Reynolds,Full Stack Developer,2590.0
115,James Preston,IT Recruiter,3328.0
116,Jessica Price,IT Sales Representative,11788.0
117,Dustin Pope,Systems Analyst,3814.0
118,Lori Maynard,Full Stack Developer,12875.0
119,Adam Reed,IT Operations Manager,12331.0
120,Kurt Nicholson,Business Analyst,10668.0
121,Hunter Turner,IT Sales Representative,6564.0
122,Christopher Green,ERP Consultant,10472.0
123,Robert Young,Software Developer,5808.0
124,Sharon Martin,ERP Consultant,14702.0
125,Donna Rodriguez,Database Administrator,8676.0
126,Michelle Maxwell,IT Trainer,6758.0
127,Ruth Thompson,IT Recruiter,4831.0
128,Natalie Walker,IT Recruiter,9198.0
129,Jerry Blackburn,QA Engineer,7117.0
130,Bobby Jacobson,IT Consultant,7293.0
131,Albert Patel,Cybersecurity Specialist,11455.0
132,John Horton,Back-end Developer,8637.0
133,Joseph Smith,IT Support Specialist,10228.0
134,Haley Brown,Back-end Developer,6401.0
135,Megan Burnett,Web Developer,14604.0
136,Kathryn Ramsey,IT Recruiter,2920.0
137,Jennifer Williams,IT Sales Representative,6204.0
138,Jennifer Black,Data Scientist,12425.0
139,Joseph Harris,Web Developer,767.0
140,Juan Clayton,IT Operations Manager,9008.0
141,David Burch,Business Analyst,6540.0
142,Donald Chapman,Software Developer,13234.0
143,Jennifer Smith,IT Sales Representative,2596.0
144,William Daniel,Project Manager (IT),7499.0
145,Glenn Esparza,IT Trainer,11424.0
146,Scott Pittman,Network Administrator,6768.0
147,Corey Perez,Cloud Architect,579.0
148,Stephen Wade,IT Auditor,8502.0
149,Richard Espinoza,UX/UI Designer,8790.0
150,Brian Rowland,IT Manager,1874.0
151,Bridget Gutierrez,Security Analyst,11274.0
152,Linda Evans,QA Engineer,11380.0
153,Michael Carter,Technical Writer (IT),3128.0
154,Deborah Raymond,Systems Administrator,10427.0
155,Albert Lucas,Cloud Architect,1931.0
156,Christopher Garcia,Web Developer,3475.0
157,Ashley Warren,Systems Administrator,7428.0
158,Peggy Hill,Database Administrator,12456.0
159,Valerie Ross,Back-end Developer,10290.0
160,John Lopez,Back-end Developer,5261.0
161,Kristen Schaefer,IT Consultant,5873.0
162,James Taylor,IT Sales Representative,9936.0
163,Jesse Adams,IT Trainer,11241.0
164,Eddie Clark,UX/UI Designer,6539.0
165,William Lopez,Back-end Developer,9515.0
166,Chris Jackson,DevOps Engineer,1551.0
167,Edward Morales,Front-end Developer,5095.0
168,Sherry Ingram,ERP Consultant,14509.0
169,David Fox,DevOps Engineer,2664.0
170,Trevor Campbell,Technical Writer (IT),5303.0
171,Jason Thompson,Systems Analyst,13954.0
172,Margaret Brown,Systems Analyst,14270.0
173,Scott Pope,IT Operations Manager,7514.0
174,David Solis,Cloud Architect,5520.0
175,Valerie Barker,Back-end Developer,7085.0
176,Jason Hernandez,Front-end Developer,12792.0
177,Diane Pena,ERP Consultant,2430.0
178,Tracy Miller,Cybersecurity Specialist,14013.0
179,Grant Rich,IT Recruiter,3459.0
180,Thomas Fuller,IT Manager,6599.0
181,Terri Wagner,UX/UI Designer,2328.0
182,Chad Scott,Back-end Developer,1998.0
183,Sherry Johnson,Technical Writer (IT),4581.0
184,Kathleen Davis,IT Sales Representative,752.0
185,Brooke Estrada,Systems Administrator,7922.0
186,Bethany Lewis,IT Recruiter,12033.0
187,Alexandra Lopez,IT Support Specialist,12734.0
188,Alex White,Network Engineer,9035.0
189,Ryan Perry,ERP Consultant,3651.0
190,George Hayes,Full Stack Developer,9228.0
191,Gary Gomez,UX/UI Designer,1026.0
192,Corey Robinson,Data Scientist,1183.0
193,Kevin Taylor,IT Consultant,713.0
194,Michael Cervantes,IT Trainer,2366.0
195,Sergio Thomas,Mobile App Developer,3914.0
196,Cody Parsons,Security Analyst,2444.0
197,Julie Barker,DevOps Engineer,5129.0
198,Heather Herrera,IT Manager,3097.0
199,Mary Wheeler,Project Manager (IT),5756.0
200,Denise Shields,Back-end Developer,918.0
201,Robin Melendez,DevOps Engineer,2758.0
202,Chase Hodge,Systems Administrator,5841.0
203,Eduardo Peterson,Project Manager (IT),1992.0
204,Megan Reed,Business Analyst,2617.0
205,Lisa Cabrera,IT Support Specialist,6301.0
206,Teresa Williams,Project Manager (IT),13711.0
207,Jamie Velazquez,IT Sales Representative,1032.0
208,Michael Hensley,IT Recruiter,10372.0
209,Bryan Johnson,IT Auditor,2946.0
210,Jeffrey Smith,Technical Writer (IT),4775.0
211,Nancy Perry,Cybersecurity Specialist,10136.0
212,Colleen King,Network Administrator,3239.0
213,Sandra Carlson,Business Analyst,4156.0
214,Maureen Vazquez,IT Sales Representative,10934.0
215,Anita Sawyer,DevOps Engineer,10375.0
216,Carl Case,Data Scientist,14649.0
217,Abigail Jenkins,IT Support Specialist,9467.0
218,Taylor Phillips,Systems Analyst,9806.0
219,Brian Franklin,IT Auditor,6938.0
220,Jeremy Norton,DevOps Engineer,14692.0
221,Paula Francis,Project Manager (IT),10301.0
222,Deborah Hicks,IT Sales Representative,8311.0
223,Michael Murray,DevOps Engineer,9734.0
224,Kelly Pena,IT Auditor,11163.0
225,Michael Rosario,IT Sales Representative,10834.0
226,Christopher Bryant,UX/UI Designer,12401.0
227,Michael Cole,IT Recruiter,12598.0
228,Marcus Barajas,Systems Analyst,7448.0
229,Connie Rodriguez,Cloud Architect,12806.0
230,Maria Gregory,Network Administrator,2849.0
231,Jessica Brooks,UX/UI Designer,1024.0
232,Rodney Burnett,Database Administrator,10680.0
233,Tony Green,Security Analyst,9952.0
234,Kimberly Reeves,Mobile App Developer,661.0
235,Kayla Moore,IT Manager,3997.0
236,David Lopez,Business Analyst,11656.0
237,Rebecca Ochoa,Network Engineer,2202.0
238,Christine Lozano,Database Administrator,14184.0
239,Melissa Lopez,Data Scientist,2241.0
240,Erika Anderson,Technical Writer (IT),12104.0
241,Paula Chavez,IT Support Specialist,14256.0
242,Jeffrey Ruiz,Data Scientist,2265.0
243,Dawn Jenkins,IT Operations Manager,4717.0
244,Sydney Bean,Software Developer,8561.0
245,Mallory Evans,QA Engineer,7388.0
246,Theresa Ortega,Database Administrator,10491.0
247,Dylan Ponce,IT Recruiter,7067.0
248,Calvin Cox,Software Developer,2208.0
249,Connie Stewart,Data Scientist,1915.0
250,Kayla Bray,Front-end Developer,7964.0
251,Luis Thompson,Network Engineer,3757.0
252,Adam Henderson,IT Trainer,10613.0
253,Gary Fleming,Mobile App Developer,14263.0
254,Andrew Morales,Systems Analyst,13027.0
255,Bryan Robbins,IT Consultant,11521.0
256,Sarah Ferguson,IT Recruiter,13132.0
257,Amy Martinez,Cybersecurity Specialist,13724.0
258,Scott Ortiz,Data Scientist,5567.0
259,Christopher Kramer,IT Consultant,3055.0
260,Travis Craig,DevOps Engineer,9422.0
261,Melanie Welch,Network Administrator,5186.0
262,Stephanie Watson,Systems Analyst,4052.0
263,Phyllis Gonzalez,Database Administrator,6764.0
264,Jonathan Ford,Database Administrator,9384.0
265,Nicole Davis,IT Operations Manager,2176.0
266,Lynn Marks,Security Analyst,7366.0
267,Nicholas Gill,IT Operations Manager,8112.0
268,Wendy Brady,Business Analyst,5198.0
269,Sarah Strickland,Software Developer,1219.0
270,Timothy Hayden,Network Engineer,13121.0
271,Jose Nielsen,Business Analyst,10343.0
272,Shannon Harper,Web Developer,832.0
273,Michael Wilson,IT Support Specialist,10535.0
274,Brenda Smith,Database Administrator,14344.0
275,Matthew Morales,IT Manager,1873.0
276,Sheila Baldwin,Web Developer,8477.0
277,Anthony Perkins,IT Sales Representative,3903.0
278,Scott Guzman,Mobile App Developer,9191.0
279,Alexander Jones,Mobile App Developer,7259.0
280,Jacob Singh,Front-end Developer,6814.0
281,Wesley Johnson,Full Stack Developer,10807.0
282,Nicole Dickson,QA Engineer,11739.0
283,Alyssa Rogers,Back-end Developer,5785.0
284,John Allen,Network Engineer,1060.0
285,Susan Small,Systems Analyst,8665.0
286,Walter Peters,IT Support Specialist,8195.0
287,Grace Durham,Database Administrator,1603.0
288,Andrew Ortiz,UX/UI Designer,5803.0
289,Tara Newman,UX/UI Designer,10533.0
290,Linda Rodriguez,DevOps Engineer,13595.0
291,Susan Cobb,IT Sales Representative,7500.0
292,Christopher Wu,UX/UI Designer,8205.0
293,Donald Wagner,UX/UI Designer,7946.0
294,Justin Barton,Project Manager (IT),8696.0
295,Susan Allen,QA Engineer,8426.0
296,Connie Taylor,Systems Administrator,6356.0
297,Todd Snyder,Network Engineer,736.0
298,Paul Brown,Network Administrator,12591.0
299,Maria Lyons,Cloud Architect,8441.0
300,Clifford Thomas,IT Support Specialist,2246.0
301,Sean Higgins,Security Analyst,6436.0
302,Charles Harris,IT Support Specialist,2864.0
303,Steven Torres,IT Trainer,10819.0
304,Dale Noble,Cybersecurity Specialist,3231.0
305,Barbara Arnold,Systems Administrator,2230.0
306,Heather Vasquez,Front-end Developer,3447.0
307,Lisa Diaz,Cybersecurity Specialist,11515.0
308,Deborah Berry,Front-end Developer,6903.0
309,Jennifer Mcguire,Front-end Developer,5505.0
310,Alexis Williams,Cybersecurity Specialist,9055.0
311,Jack Walker,Business Analyst,2355.0
312,Diane Gonzalez,Mobile App Developer,5944.0
313,Christopher Brewer,Systems Analyst,13828.0
314,Robert Silva,IT Consultant,5665.0
315,Dawn Richardson,IT Recruiter,915.0
316,Carly Hill,Network Engineer,13630.0
317,Elizabeth Davis,DevOps Engineer,3873.0
318,Kathryn Clarke,Front-end Developer,1832.0
319,Emma Moore,Full Stack Developer,7383.0
320,Gordon Lee,Front-end Developer,861.0
321,Brian Clay,Data Scientist,951.0
322,Jessica Rowe,IT Consultant,11164.0
323,Sean Chung,Project Manager (IT),6825.0
324,Steven Trevino,QA Engineer,9238.0
325,Megan Day,IT Sales Representative,4388.0
326,Pam Leonard,Cloud Architect,13622.0
327,Julie Wilson,UX/UI Designer,12338.0
328,Aaron Cobb,Systems Administrator,9919.0
329,John Stone,QA Engineer,2364.0
330,Dennis Sweeney,Cybersecurity Specialist,12607.0
331,Tamara Riley,Back-end Developer,3325.0
332,Teresa Williams,Security Analyst,10474.0
333,Joseph Brown,IT Recruiter,11318.0
334,Sarah Jones,IT Trainer,11218.0
335,Zachary Hunter,Project Manager (IT),6921.0
336,Daniel Smith,Database Administrator,6301.0
337,Sharon Freeman,IT Sales Representative,10951.0
338,Colleen Green,Network Engineer,11889.0
339,Roberto Smith,Web Developer,7425.0
340,David Moore,Network Administrator,13321.0
341,Brian Fields,Technical Writer (IT),12767.0
342,Carla Sanders,IT Sales Representative,4744.0
343,Pamela Jensen,Project Manager (IT),6496.0
344,Thomas Jackson,Mobile App Developer,4905.0
345,Ashley Watkins,Software Developer,10891.0
346,Kelly Howard,Mobile App Developer,8275.0
347,Shawn Mendez,Technical Writer (IT),12694.0
348,Kyle Hobbs,Technical Writer (IT),2732.0
349,William Wright,IT Operations Manager,4575.0
350,Christy Johnson,Systems Administrator,3036.0
351,Kent Scott,Front-end Developer,14280.0
352,Joshua Carey,Project Manager (IT),10625.0
353,Miranda Anderson,UX/UI Designer,12058.0
354,Amy Montes,Cloud Architect,2053.0
355,Angela Howard,QA Engineer,3684.0
356,Denise Mcclure,Project Manager (IT),10892.0
357,Kyle Benson,Business Analyst,12922.0
358,Karen Morrow,IT Consultant,1310.0
359,Kiara Ward,IT Consultant,4695.0
360,Erika Cortez,Mobile App Developer,8050.0
361,Derek Anderson,Web Developer,2887.0
362,Melissa Jones,Cloud Architect,7094.0
363,Stacy Mcdonald,Database Administrator,4718.0
364,Lisa Cooper,ERP Consultant,10805.0
365,Alicia Joyce,Full Stack Developer,14901.0
366,Sarah Gonzalez,IT Operations Manager,2035.0
367,Christy Moran,Full Stack Developer,3743.0
368,Virginia Landry,Data Scientist,9318.0
369,Tony Cruz,IT Operations Manager,7782.0
370,Melissa Medina,Cloud Architect,13508.0
371,Kyle Anderson,Technical Writer (IT),3248.0
372,Edward Kelley,IT Auditor,8366.0
373,Teresa Baldwin,Systems Administrator,12258.0
374,Andrew Watson,Project Manager (IT),4705.0
375,Dawn Johnston,Network Administrator,7094.0
376,Steven Roberts,Back-end Developer,9834.0
377,Shaun Johnson,IT Sales Representative,5919.0
378,Joshua Bates,Business Analyst,1732.0
379,Jennifer Coleman,Network Administrator,10511.0
380,Arthur Terry,IT Recruiter,8963.0
381,Joan Simmons,IT Sales Representative,14574.0
382,Christopher Harrison,IT Consultant,10790.0
383,Kevin Gonzalez,IT Manager,5460.0
384,Robert Johnston,Database Administrator,2805.0
385,Melissa West,Business Analyst,14206.0
386,Timothy Rivera,Systems Administrator,1705.0
387,Ricky Johnson,ERP Consultant,2350.0
388,Cathy Potts,IT Trainer,8744.0
389,Ryan Wheeler,QA Engineer,13051.0
390,Christine Cox,IT Recruiter,11089.0
391,William Nguyen,Systems Administrator,10004.0
392,Travis Gross,Network Administrator,11697.0
393,Tony Terry,UX/UI Designer,10947.0
394,Matthew Williams,Systems Analyst,6570.0
395,Megan Evans,QA Engineer,9889.0
396,Stanley Bond,Security Analyst,5863.0
397,Stephanie Weiss,Front-end Developer,2242.0
398,Andrew Proctor,Technical Writer (IT),2663.0
399,David Richardson,Systems Analyst,8568.0
400,Kathryn Hudson,IT Trainer,4707.0
401,Michele Hensley,DevOps Engineer,9514.0
402,Brian Robinson,IT Manager,9658.0
403,Robin Crawford,IT Operations Manager,13438.0
404,James Oneal,Front-end Developer,11396.0
405,Destiny Williams,Data Scientist,8896.0
406,Kimberly Hunter,QA Engineer,6417.0
407,Elizabeth Brooks,Technical Writer (IT),4994.0
408,Bethany Ballard,Data Scientist,13306.0
409,Jennifer Gomez,Software Developer,7402.0
410,Timothy Reese,Front-end Developer,13842.0
411,Scott Gonzalez,IT Consultant,3667.0
412,Tim Collier,Front-end Developer,13778.0
413,Deborah Wilkins,IT Sales Representative,3836.0
414,Jacob Poole,IT Consultant,13983.0
415,Phillip Johnston,Data Scientist,5562.0
416,Morgan Rhodes,IT Sales Representative,7050.0
417,Erin Walker,Cloud Architect,9836.0
418,Carlos Rodriguez,Cloud Architect,624.0
419,Lisa Brown,Software Developer,10925.0
420,Raymond Brown,Systems Administrator,5098.0
421,Billy Campbell,Systems Analyst,973.0
422,James Sutton,Cybersecurity Specialist,6028.0
423,David Dennis,IT Operations Manager,8462.0
424,Christian Smith,Software Developer,2932.0
425,Michael Robertson,QA Engineer,7049.0
426,Javier Russell,IT Operations Manager,3942.0
427,Cynthia Richards,IT Recruiter,550.0
428,Barbara Fleming,Back-end Developer,1314.0
429,Bonnie Wright,UX/UI Designer,685.0
430,Bradley Cruz,DevOps Engineer,9782.0
431,Monica Wells,Cybersecurity Specialist,8653.0
432,Tracy Keith,UX/UI Designer,8154.0
433,Angela Douglas,Front-end Developer,12639.0
434,Frank Smith,Systems Administrator,13228.0
435,Edward Wilson,ERP Consultant,6250.0
436,Wayne Wilson,Data Scientist,10085.0
437,Julie Torres,Database Administrator,2563.0
438,Jonathan Brown,Security Analyst,6764.0
439,Todd Garza,Business Analyst,3174.0
440,David Miller,IT Operations Manager,4928.0
441,Matthew Parsons,IT Manager,8267.0
442,Jeffrey Tucker,IT Manager,3975.0
443,Dylan Ramirez,Cybersecurity Specialist,5382.0
444,Manuel Mata,Mobile App Developer,13869.0
445,Shelley Luna,Data Scientist,13998.0
446,Darin Campos,DevOps Engineer,7935.0
447,Christopher Patel,DevOps Engineer,14553.0
448,Sally Smith,IT Trainer,7712.0
449,Deanna Lee,IT Consultant,13974.0
450,Erika Walker,Systems Analyst,8904.0
451,David Hendrix,IT Trainer,11326.0
452,William Buchanan,Network Administrator,13299.0
453,Susan Arnold,IT Recruiter,3415.0
454,Jessica Olsen,IT Sales Representative,6505.0
455,Richard Macdonald,DevOps Engineer,7541.0
456,Crystal Moore,UX/UI Designer,7995.0
457,Brittany Paul,Systems Administrator,12906.0
458,Bonnie Flores,IT Sales Representative,11238.0
459,Samantha Robinson,ERP Consultant,2730.0
460,Rachel Watts,Full Stack Developer,5030.0
461,Michael Wang,Cloud Architect,9422.0
462,Logan Johnson,Web Developer,3184.0
463,Jeffery Schwartz,Systems Administrator,7141.0
464,Steven Lara,IT Operations Manager,12760.0
465,Gregory Koch,Network Administrator,7113.0
466,Lauren Tanner,Back-end Developer,14338.0
467,Theresa Lawson,Web Developer,1238.0
468,Michele Hall,Technical Writer (IT),6895.0
469,Kathryn Campos,Database Administrator,11188.0
470,Diana Campbell,Mobile App Developer,1518.0
471,Mallory Rangel,QA Engineer,691.0
472,Alicia Lawson,Cybersecurity Specialist,1347.0
473,Danielle Friedman,Systems Administrator,13250.0
474,Austin Vazquez,DevOps Engineer,1477.0
475,Thomas Benson,Software Developer,12673.0
476,Mariah Powell,IT Recruiter,13189.0
477,David Garza,Software Developer,8353.0
478,Nicole Graham,IT Sales Representative,9557.0
479,Richard Butler,Network Engineer,12743.0
480,Jimmy Weiss,Security Analyst,7911.0
481,Shannon Scott,Full Stack Developer,3931.0
482,Alexander Larson,IT Manager,9592.0
483,Melissa Cooper,Network Administrator,14165.0
484,Heather Hamilton,Software Developer,7277.0
485,Marvin Scott,IT Recruiter,10936.0
486,Melissa Andrade,Technical Writer (IT),6642.0
487,Rhonda Gill,Database Administrator,6122.0
488,Aaron Davis,Data Scientist,8110.0
489,Jonathan Mccall,IT Support Specialist,7861.0
490,Julie Robinson,IT Auditor,8935.0
491,Carolyn Hunt,IT Auditor,14092.0
492,Maria Ward,Software Developer,3408.0
493,Vincent Garcia,QA Engineer,1023.0
494,Kristen Hopkins,IT Manager,1451.0
495,Brooke Davis,Data Scientist,2060.0
496,Ronald Nguyen,IT Support Specialist,13602.0
497,Claudia Kim,IT Operations Manager,8466.0
498,Ashley Alvarez,Data Scientist,8949.0
499,Nicholas Hickman,Full Stack Developer,10738.0
500,Michael Keller,Database Administrator,14674.0
501,Shannon Ramirez,IT Trainer,7976.0
502,Brittany Schultz,Systems Administrator,12757.0
503,Renee Ray,Project Manager (IT),8923.0
504,Joshua Frost,DevOps Engineer,6256.0
505,Victoria Weber,IT Consultant,14445.0
506,Daniel Tucker,IT Trainer,10085.0
507,Adam Arroyo,Database Administrator,2636.0
508,Cheryl Powell,IT Consultant,8216.0
509,Carrie Rivas,IT Sales Representative,12485.0
510,Paige Frazier,DevOps Engineer,10659.0
511,Lisa Baker,Data Scientist,5418.0
512,Caitlin Watson,IT Operations Manager,5073.0
513,Ashley Mckenzie,Network Administrator,2838.0
514,Karen Wade,IT Consultant,6390.0
515,Michael Jones,ERP Consultant,6028.0
516,Summer Ward,IT Support Specialist,10880.0
517,Holly Carr,IT Recruiter,8873.0
518,Jose Bradshaw,Technical Writer (IT),11677.0
519,Cynthia Lee,IT Auditor,14617.0
520,Justin Lopez,Business Analyst,13511.0
521,Jonathan Keith,IT Recruiter,1401.0
522,Michelle Lewis,Network Administrator,10977.0
523,Jennifer Berger,IT Trainer,10238.0
524,Emily Adams,IT Auditor,6309.0
525,Jacqueline Brown,Network Administrator,12626.0
526,Emma Simmons,DevOps Engineer,10648.0
527,Carolyn Gomez,ERP Consultant,3892.0
528,Robert Lee,UX/UI Designer,8362.0
529,Carla Vazquez,Security Analyst,7374.0
530,James Dunn,Data Scientist,13245.0
531,Matthew Sanders,Mobile App Developer,3636.0
532,Ashley Allison,Network Engineer,1096.0
533,Michael Silva,Data Scientist,10509.0
534,Allison Trevino,Network Administrator,7732.0
535,Kent Stephenson,Systems Administrator,6782.0
536,Destiny Nguyen,Mobile App Developer,7575.0
537,Hunter Clark,IT Recruiter,7678.0
538,Diane Pierce,Back-end Developer,6853.0
539,Melanie Turner,Mobile App Developer,13896.0
540,Jeff Kane,Security Analyst,1277.0
541,Amy Maldonado,IT Auditor,12149.0
542,Donna Peterson,Back-end Developer,4597.0
543,Daniel Travis,Full Stack Developer,10839.0
544,Ashley Young,IT Auditor,5165.0
545,Jamie Gray,Business Analyst,12267.0
546,Anthony Rogers,ERP Consultant,13368.0
547,Charles Shaw,IT Auditor,1650.0
548,Christian Guzman,Systems Analyst,12475.0
549,Daniel Reynolds,Software Developer,1374.0
550,Danielle Simon,Mobile App Developer,8221.0
551,Antonio Randall,IT Operations Manager,5275.0
552,Steven Miller,Security Analyst,4732.0
553,Joseph Brown,IT Recruiter,11193.0
554,Jason Booth,IT Recruiter,10211.0
555,Lindsay Morales,Software Developer,9843.0
556,Brian Vazquez,QA Engineer,12434.0
557,Kenneth Harris,IT Auditor,2841.0
558,Christian Kelly,IT Consultant,12247.0
559,Robert Russell,Network Administrator,2184.0
560,Glenda Taylor,ERP Consultant,2725.0
561,Elizabeth Reed,DevOps Engineer,10831.0
562,Randall Anderson,IT Support Specialist,12497.0
563,Randy Clarke,QA Engineer,11363.0
564,John Mccoy,IT Auditor,2131.0
565,Taylor Johnson,Network Engineer,8780.0
566,Morgan Baker,IT Recruiter,8648.0
567,Antonio Mcmillan,Full Stack Developer,9280.0
568,David Phillips,Systems Analyst,665.0
569,Emily Martinez,Database Administrator,9173.0
570,Katrina Garrison,Full Stack Developer,5373.0
571,James Cain,Front-end Developer,2696.0
572,Ashley Sanchez,UX/UI Designer,12576.0
573,Richard Duffy,Business Analyst,13242.0
574,Mark Clark,Network Engineer,12785.0
575,Daniel Keller,Web Developer,6874.0
576,Keith Chase,Network Administrator,824.0
577,Carla Mitchell,DevOps Engineer,9204.0
578,Billy Lewis,Network Engineer,8110.0
579,Anthony Frederick,Web Developer,3894.0
580,Brian Monroe,IT Auditor,1346.0
581,Amy Morgan,UX/UI Designer,2555.0
582,Lynn Carrillo,Database Administrator,7086.0
583,Danielle Garrett,IT Manager,12954.0
584,Matthew Hernandez,Front-end Developer,7940.0
585,Mary Smith,Technical Writer (IT),12618.0
586,Karen Conway,Back-end Developer,14632.0
587,Teresa Stevenson,Web Developer,5506.0
588,Jacqueline Little,IT Auditor,2454.0
589,Megan Myers,IT Consultant,6876.0
590,Carolyn Phillips,Web Developer,1779.0
591,Morgan Rivera,Front-end Developer,2213.0
592,Grant Ramos,UX/UI Designer,2865.0
593,Aimee Greene,Database Administrator,9713.0
594,Sandra Johnson,Mobile App Developer,6874.0
595,Nicole Anderson,Web Developer,3470.0
596,Adam Williams,Technical Writer (IT),10202.0
597,Christopher Garcia,ERP Consultant,13280.0
598,Lauren Bentley,Database Administrator,2526.0
599,Michael Francis,DevOps Engineer,13884.0
600,Susan Curtis,Front-end Developer,13282.0
601,Michael Williams,Business Analyst,2714.0
602,Jay Sharp,DevOps Engineer,1222.0
603,Stephen Duran,UX/UI Designer,4471.0
604,Nicole Wood,IT Trainer,8294.0
605,Brittany Lambert,Project Manager (IT),12165.0
606,Natalie Hodges,QA Engineer,14150.0
607,Sandra Johnson,IT Support Specialist,3024.0
608,Laurie Cruz,Project Manager (IT),11043.0
609,Curtis Meyer,Full Stack Developer,4023.0
610,Kim Collins,Database Administrator,13005.0
611,Steven Hardy,Database Administrator,2352.0
612,Kayla Tran,Data Scientist,4823.0
613,Tracey Ellison,Full Stack Developer,3180.0
614,Judy Harris,Network Administrator,3919.0
615,Michael Harris,Technical Writer (IT),3104.0
616,Daniel Conway,Business Analyst,3594.0
617,Joseph Brown,Project Manager (IT),1491.0
618,Christopher Williams,Security Analyst,14557.0
619,Michael Moore,Data Scientist,9851.0
620,James Norman,IT Operations Manager,11620.0
621,Kelly Hernandez,Cloud Architect,5040.0
622,Laura Duncan,IT Recruiter,10423.0
623,Kathryn Ross,Business Analyst,7532.0
624,Jennifer Oneill,IT Support Specialist,5250.0
625,Haley Bates,Back-end Developer,6917.0
626,Ethan Black,UX/UI Designer,6846.0
627,Justin Bell,IT Trainer,4973.0
628,Vincent Powell,ERP Consultant,10646.0
629,Shannon Mitchell,IT Sales Representative,14550.0
630,Craig Wallace,Cybersecurity Specialist,11411.0
631,Laura Gonzalez,IT Trainer,2780.0
632,Anthony George,Security Analyst,11432.0
633,Chelsea Beck,Security Analyst,1140.0
634,Sean Becker,IT Consultant,7663.0
635,Rebecca Evans,IT Manager,10761.0
636,Kimberly Simmons,IT Auditor,12391.0
637,Edward Bailey,Project Manager (IT),9417.0
638,Eric Weeks,Mobile App Developer,10602.0
639,Cynthia White,Network Engineer,13087.0
640,Donald Gibson,Mobile App Developer,6917.0
641,Matthew Obrien,Systems Administrator,11455.0
642,Ashlee Clark,Cybersecurity Specialist,8849.0
643,James Gonzalez,IT Operations Manager,3107.0
644,Tabitha Valentine,Software Developer,8628.0
645,Lance Hayes,Database Administrator,6842.0
646,Jacob Grant,Web Developer,6302.0
647,Mark Lopez,DevOps Engineer,9649.0
648,Gregory Jones,Business Analyst,7371.0
649,Dillon Willis,Mobile App Developer,11550.0
650,Michael Harris,IT Consultant,983.0
651,Tammy Miller,QA Engineer,1955.0
652,Kelsey Ford,Full Stack Developer,8038.0
653,Brittany Johnson,IT Operations Manager,9294.0
654,Alejandro Reed,Business Analyst,14324.0
655,Cynthia Chavez,Business Analyst,5711.0
656,Angela Meyer,Cybersecurity Specialist,10952.0
657,Laura Keith,Project Manager (IT),8802.0
658,Ricky Williams,IT Auditor,13506.0
659,Patrick Cruz,UX/UI Designer,14325.0
660,Joshua Rodriguez,DevOps Engineer,11376.0
661,Edward Roberts,ERP Consultant,7823.0
662,Kimberly Gilbert,Technical Writer (IT),14495.0
663,Matthew Garcia,Mobile App Developer,11245.0
664,Erica Williamson,Business Analyst,5525.0
665,Lisa Stark,Software Developer,1560.0
666,Jonathan Kemp,Data Scientist,963.0
667,Steven Sanchez,Systems Administrator,4886.0
668,Kayla Taylor,Network Engineer,9943.0
669,Andrew Nelson,Front-end Developer,12595.0
670,David Coleman,QA Engineer,5151.0
671,Pamela Harvey,Database Administrator,9277.0
672,Lori Huffman,ERP Consultant,11941.0
673,Jennifer Fletcher,Business Analyst,11925.0
674,Brittany Chavez,IT Trainer,1441.0
675,Carlos Walter,Business Analyst,12798.0
676,Jillian Murray,Systems Administrator,12352.0
677,Jillian Williams,Network Engineer,13720.0
678,Dennis Cohen,Network Engineer,3980.0
679,Brandon Soto,Data Scientist,2012.0
680,Travis Strickland,Mobile App Developer,7656.0
681,Derrick Coleman,Systems Administrator,6496.0
682,Michael Washington,QA Engineer,13068.0
683,John Hubbard,Web Developer,10633.0
684,Anthony Ruiz,Cloud Architect,11345.0
685,Beth Jordan,Business Analyst,1251.0
686,James Sanford,Software Developer,5448.0
687,Michele Lawson,Software Developer,12327.0
688,Christopher Valdez,QA Engineer,13030.0
689,Daniel Turner,Data Scientist,11796.0
690,Maria Brown,Cloud Architect,6403.0
691,Pamela Graves,Database Administrator,11837.0
692,Brian Miranda,Database Administrator,13790.0
693,Paula Johnson,Project Manager (IT),10194.0
694,William Lewis,QA Engineer,10074.0
695,Heather Hale,DevOps Engineer,10672.0
696,Karen Smith,Systems Analyst,6048.0
697,Lisa Padilla,Systems Administrator,4970.0
698,Daniel Robinson,Network Administrator,9368.0
699,Julie Ryan,ERP Consultant,6545.0
700,Christopher Taylor,Back-end Developer,3035.0
701,Brian Simpson,Full Stack Developer,11650.0
702,Rickey Stout,Back-end Developer,3818.0
703,Paul Gamble,IT Recruiter,14895.0
704,Robert Garza,Software Developer,6119.0
705,Ronald Jackson,UX/UI Designer,10264.0
706,Scott Burton,Mobile App Developer,1770.0
707,Catherine Guerrero,Mobile App Developer,6275.0
708,Tyler Bradley,IT Operations Manager,5716.0
709,Patrick Sims,Business Analyst,2224.0
710,Jennifer Osborne,Systems Analyst,6940.0
711,Stacey Villa,Mobile App Developer,3807.0
712,Samuel Aguilar,IT Sales Representative,3671.0
713,Melinda Randall,IT Manager,9527.0
714,Timothy Mitchell,Network Engineer,7982.0
715,Kevin Farmer,IT Sales Representative,10787.0
716,Kimberly Mann,Network Administrator,4659.0
717,Daniel King,Web Developer,12328.0
718,Donna Smith,Full Stack Developer,13490.0
719,Christopher Holt,IT Operations Manager,8985.0
720,Austin Brown,Mobile App Developer,2543.0
721,Robert Mooney,Business Analyst,14714.0
722,Travis Lee,IT Sales Representative,8731.0
723,William Martinez,Web Developer,1202.0
724,Maureen Hernandez,Data Scientist,12901.0
725,Brian Singh,Full Stack Developer,8373.0
726,Laura Nguyen,Data Scientist,1239.0
727,Gary Jones,Security Analyst,7914.0
728,Timothy Pham,IT Manager,8931.0
729,Alexis Cardenas,Network Administrator,8840.0
730,Joann Salazar,IT Sales Representative,2984.0
731,Bridget Scott,Technical Writer (IT),2891.0
732,Victoria Matthews,Full Stack Developer,10216.0
733,Travis James,Cybersecurity Specialist,2853.0
734,Mark Cruz,QA Engineer,14346.0
735,Stephen Macias,Front-end Developer,5426.0
736,Sarah Espinoza,Front-end Developer,8906.0
737,Janet Stewart,Software Developer,10198.0
738,Brandi Thomas,ERP Consultant,4975.0
739,Jennifer Franklin,Front-end Developer,9037.0
740,Michael Johnson,Mobile App Developer,2400.0
741,David Jones,IT Auditor,6249.0
742,Andrew Garcia,Mobile App Developer,7545.0
743,Christina Christensen,Project Manager (IT),13531.0
744,Denise Davis,Systems Analyst,1328.0
745,Dawn Rich,Network Administrator,4877.0
746,Jerry White,Security Analyst,8461.0
747,Ronald Collins,IT Support Specialist,5697.0
748,Kelly Myers,Network Administrator,8142.0
749,David Boyd,Back-end Developer,2259.0
750,Julia Mitchell,Network Administrator,11712.0
751,Samantha Moore,Technical Writer (IT),1333.0
752,Susan Savage,Network Engineer,4994.0
753,Kristen English,UX/UI Designer,14562.0
754,Trevor Bowers,Back-end Developer,11216.0
755,Megan Holland,Systems Analyst,8852.0
756,Kimberly Lee,Technical Writer (IT),8043.0
757,Kimberly Beck,Cybersecurity Specialist,11819.0
758,Chris Velasquez,Security Analyst,1056.0
759,Michael Flores,IT Manager,9770.0
760,Bonnie Osborne,Back-end Developer,6976.0
761,Frederick Richardson,Front-end Developer,6545.0
762,Ryan Riggs,Back-end Developer,12008.0
763,Melissa Lloyd,IT Auditor,14199.0
764,Andrew Neal,Security Analyst,12750.0
765,Andrew Short,IT Support Specialist,14637.0
766,Jo Rivers,Project Manager (IT),7741.0
767,Sean Hayes,Cloud Architect,9878.0
768,Rachel Myers,DevOps Engineer,2031.0
769,Matthew Lee,Database Administrator,11132.0
770,Jeremy Reed,Database Administrator,3176.0
771,Terri Clements,IT Auditor,5519.0
772,Eric Cook,Cybersecurity Specialist,11616.0
773,Tracey Ramos,UX/UI Designer,8350.0
774,Susan Rush,Data Scientist,14490.0
775,Sierra Hodges,IT Trainer,10654.0
776,Derek Harmon,Network Administrator,10477.0
777,John Ball,Project Manager (IT),909.0
778,Teresa Bryant,Database Administrator,5138.0
779,Ryan Gray,Project Manager (IT),11418.0
780,Brendan Smith,ERP Consultant,1596.0
781,Kevin Mccall,Front-end Developer,6942.0
782,Christine Soto,IT Consultant,2028.0
783,Brandi Nelson,Front-end Developer,11451.0
784,Ronald Ramos,Mobile App Developer,13370.0
785,Anthony Lee,Technical Writer (IT),11620.0
786,Steven Collins,Network Engineer,6077.0
787,Joseph Blake,UX/UI Designer,4920.0
788,Denise Williams,Network Administrator,1042.0
789,Amanda Powell,Mobile App Developer,14485.0
790,Rebecca Mccoy,DevOps Engineer,11011.0
791,Kimberly Mcintosh,IT Support Specialist,892.0
792,David Harrison,IT Recruiter,8703.0
793,Joseph Knight,ERP Consultant,12393.0
794,Michelle Dyer,Software Developer,12836.0
795,John Bowers,Network Engineer,7289.0
796,Jeremy Jordan,IT Recruiter,9583.0
797,Stephanie Poole,DevOps Engineer,11313.0
798,Jill Day,Cybersecurity Specialist,10610.0
799,Gina Miranda,Network Administrator,14385.0
800,Taylor Brown,Project Manager (IT),11932.0
801,Dustin Frazier,DevOps Engineer,5992.0
802,Amber Tran,Business Analyst,11069.0
803,Chelsey Vazquez,QA Engineer,4070.0
804,Peggy Mccormick,Network Administrator,9136.0
805,Kathryn Mckee,DevOps Engineer,8222.0
806,Jeffrey Nelson,Data Scientist,4180.0
807,Steven Lynn,Full Stack Developer,12670.0
808,Pamela Higgins,Systems Analyst,1515.0
809,Zachary Taylor,Back-end Developer,4002.0
810,Megan Martin,Cybersecurity Specialist,4181.0
811,Kayla Hughes,IT Auditor,3532.0
812,Darrell Avery,Cybersecurity Specialist,2096.0
813,Amber Hart,IT Support Specialist,13088.0
814,Melissa Montgomery,Business Analyst,871.0
815,Larry Bowen,IT Consultant,8048.0
816,Jennifer Anderson,Cloud Architect,11609.0
817,Anthony Wilkins,Cybersecurity Specialist,3922.0
818,Jordan Newman,Project Manager (IT),11800.0
819,Judith Torres,DevOps Engineer,8113.0
820,Rachel Clarke,Software Developer,13744.0
821,David Shepard,Software Developer,5418.0
822,Joshua Newman,Network Engineer,13869.0
823,Angela Jones,IT Recruiter,14108.0
824,Courtney Lopez,IT Auditor,9044.0
825,Spencer James,Systems Analyst,7040.0
826,Tina Phillips,Web Developer,6232.0
827,Angela Davis,Software Developer,7713.0
828,Robert Chan,ERP Consultant,14723.0
829,Mary Pope,Business Analyst,2559.0
830,Taylor Ray,Front-end Developer,9462.0
831,Joshua Gonzalez,Software Developer,3241.0
832,Zachary Schwartz,IT Auditor,5066.0
833,Eric Allen,Network Administrator,13207.0
834,Aaron Rivera,IT Support Specialist,11019.0
835,Sherry Lucas,IT Sales Representative,13546.0
836,Gerald Walter,IT Sales Representative,8508.0
837,Jacob Reed,Software Developer,5938.0
838,Courtney Snyder,UX/UI Designer,7965.0
839,Jason Ford,Cybersecurity Specialist,6127.0
840,Gregory Morris,Web Developer,3358.0
841,Autumn Mcintyre,Network Administrator,7478.0
842,Jill Moon,IT Auditor,5112.0
843,Jonathon Baker,IT Auditor,14858.0
844,John Hanson,Database Administrator,8906.0
845,Phillip Hamilton,UX/UI Designer,2730.0
846,Abigail Wiggins,IT Trainer,9299.0
847,Anthony Henry,IT Manager,6950.0
848,William Wallace,Security Analyst,11653.0
849,Kelsey Powell,Mobile App Developer,2162.0
850,Grant Ward,Web Developer,897.0
851,Misty Kirk,IT Support Specialist,4524.0
852,Keith Harvey,Mobile App Developer,3382.0
853,Sandra Wheeler,IT Sales Representative,962.0
854,Kimberly Garcia,Software Developer,5613.0
855,Arthur Medina,DevOps Engineer,10843.0
856,Jessica Wheeler,IT Operations Manager,11248.0
857,Deborah Cunningham,IT Recruiter,10776.0
858,Amy Perez,Full Stack Developer,12259.0
859,Scott Garza,Web Developer,13608.0
860,Melanie Johnson,Data Scientist,11179.0
861,Briana Herrera,Business Analyst,6850.0
862,Dana Duncan,IT Consultant,9405.0
863,Brian Serrano,Back-end Developer,10115.0
864,Vincent Guerrero,IT Trainer,523.0
865,Zachary Villarreal,Network Administrator,7552.0
866,Elizabeth Cobb,IT Auditor,11165.0
867,Sheri Flores,Web Developer,11339.0
868,Erin West,Web Developer,4465.0
869,Alexander Gillespie,Cloud Architect,13049.0
870,Sandy Henry,Full Stack Developer,5341.0
871,Christian Patrick,Cybersecurity Specialist,6356.0
872,Michelle Foster,Web Developer,6360.0
873,Cameron Andersen,ERP Consultant,14658.0
874,Jennifer Phillips,Network Administrator,8560.0
875,Lance Meza,Systems Administrator,14842.0
876,Mary Harris,Systems Analyst,9173.0
877,Beth Chase,Data Scientist,3612.0
878,Michael Williamson,Software Developer,1840.0
879,Christopher Knapp,IT Trainer,10651.0
880,William Knight,Business Analyst,13562.0
881,Benjamin Grant,DevOps Engineer,1798.0
882,Madison Martin,Cybersecurity Specialist,10065.0
883,Linda White,Full Stack Developer,2776.0
884,Jamie Thompson,IT Trainer,1399.0
885,Stephen Joyce,Data Scientist,13730.0
886,Vanessa Vaughan,QA Engineer,6206.0
887,Dale Smith,UX/UI Designer,2442.0
888,Anthony Torres,Technical Writer (IT),673.0
889,Eric Simpson,Full Stack Developer,14641.0
890,Lori Cannon,Project Manager (IT),751.0
891,William Harrison,Database Administrator,811.0
892,Kaitlin Wilkins,DevOps Engineer,5575.0
893,Erin Wolfe,IT Manager,7133.0
894,Michael Alvarado,Software Developer,4189.0
895,Keith Gutierrez,Business Analyst,13747.0
896,Ryan Fox,Back-end Developer,8637.0
897,Elizabeth Williams,UX/UI Designer,5227.0
898,Steven Henry,Network Engineer,13160.0
899,David Jensen,IT Sales Representative,10731.0
900,Christopher Munoz,Technical Writer (IT),4432.0
901,Aaron Sullivan,DevOps Engineer,14807.0
902,Sabrina Campbell,Back-end Developer,1551.0
903,Susan Brown,IT Auditor,11512.0
904,James Ramirez,Systems Administrator,7679.0
905,Christina Wilson,Database Administrator,12318.0
906,Michael Hernandez,Cybersecurity Specialist,6993.0
907,Tommy Garcia,Security Analyst,9989.0
908,Anna Crane,Software Developer,7412.0
909,Randy Hopkins,Network Engineer,7026.0
910,Sonya Gardner,Mobile App Developer,9383.0
911,Michele Price,Business Analyst,4726.0
912,Janet Silva,Database Administrator,10851.0
913,Christopher Smith,ERP Consultant,2771.0
914,Rebekah Rodriguez,IT Auditor,8723.0
915,Barbara Lewis,UX/UI Designer,10199.0
916,Luis Mcguire,IT Operations Manager,8008.0
917,Elizabeth Lewis,Systems Administrator,13221.0
918,Levi Benson,IT Support Specialist,12344.0
919,Crystal Ramirez,QA Engineer,9027.0
920,Benjamin Perry,Network Administrator,6903.0
921,Cassandra Whitehead,IT Sales Representative,5120.0
922,Charles Dyer,Front-end Developer,11054.0
923,John Thomas,IT Trainer,4014.0
924,Raymond Baldwin,Cybersecurity Specialist,14169.0
925,Andrew Solis,Software Developer,3255.0
926,Albert Schultz,Network Engineer,14339.0
927,Kevin Lucas,IT Consultant,5011.0
928,Mackenzie Moreno,Project Manager (IT),8319.0
929,Gail Martinez,IT Consultant,9516.0
930,Sarah Rangel,Business Analyst,14180.0
931,Thomas Elliott,Systems Administrator,12552.0
932,James Kelley,IT Sales Representative,6917.0
933,Donna Johnson,Cybersecurity Specialist,8940.0
934,Linda Walton,Security Analyst,14507.0
935,Joshua Cohen,Mobile App Developer,3816.0
936,Donald Monroe,IT Consultant,14290.0
937,Jessica Lamb,IT Recruiter,13941.0
938,Nicole Good,UX/UI Designer,5475.0
939,Julia Green,Database Administrator,12334.0
940,Denise Hicks,Business Analyst,3781.0
941,Steven Johnson,Project Manager (IT),2145.0
942,Theodore Sharp,Systems Administrator,1403.0
943,Marissa Hill,DevOps Engineer,14437.0
944,Robert James,Security Analyst,1330.0
945,Steven Ramos,Network Administrator,3091.0
946,Heidi Delacruz,Technical Writer (IT),14963.0
947,Keith Moore,Security Analyst,10489.0
948,Cassandra Baker,Software Developer,7391.0
949,Jason Henderson,Mobile App Developer,6195.0
950,Vanessa Fitzpatrick,Front-end Developer,1688.0
951,Patrick Hernandez,ERP Consultant,9737.0
952,Michael Warner,IT Support Specialist,7544.0
953,Angela Perez,Cybersecurity Specialist,1634.0
954,Denise Rowe,IT Recruiter,9432.0
955,Judy Brown,IT Auditor,10955.0
956,Elizabeth King,IT Trainer,4622.0
957,Mercedes Drake,Mobile App Developer,14409.0
958,Ana Martinez,IT Manager,645.0
959,Tricia Trujillo,IT Consultant,14172.0
960,Michael Anthony,Cybersecurity Specialist,1132.0
961,Randall Smith,Mobile App Developer,4893.0
962,Christopher Christian,Back-end Developer,1046.0
963,Heather Wade,IT Sales Representative,11732.0
964,Mary Ochoa,IT Auditor,9185.0
965,Jeffrey Spencer,UX/UI Designer,5499.0
966,Tanner Nguyen,Project Manager (IT),6372.0
967,Susan Rodriguez,IT Recruiter,13638.0
968,Emily Christensen,Full Stack Developer,10977.0
969,Douglas Santiago,Business Analyst,4218.0
970,Robert Wilson,QA Engineer,6627.0
971,Tyler Kramer,IT Recruiter,5793.0
972,Don Stout,Project Manager (IT),12428.0
973,Eric Riddle,Cybersecurity Specialist,3992.0
974,Carl Mcguire,Data Scientist,565.0
975,Benjamin Adkins,IT Consultant,5262.0
976,James Diaz,Network Engineer,7058.0
977,Nancy Smith,Network Administrator,12626.0
978,Robin Garcia,IT Sales Representative,7142.0
979,Vanessa Rodriguez,IT Sales Representative,3800.0
980,Matthew Miller,Full Stack Developer,7335.0
981,Richard Vargas,Technical Writer (IT),9276.0
982,Tiffany Lucero,IT Operations Manager,1334.0
983,Joseph Martinez,Security Analyst,7686.0
984,Tara Maxwell,IT Consultant,10142.0
985,Amber Lawrence,IT Auditor,12177.0
986,Amy Ferguson,IT Auditor,11362.0
987,Caroline Hansen,Data Scientist,14971.0
988,Catherine Ellis,Network Administrator,9101.0
989,Nicole Figueroa,Back-end Developer,12586.0
990,Emily Price,Systems Administrator,13153.0
991,Andres Woodard,Front-end Developer,1017.0
992,Aimee Watson,IT Consultant,12263.0
993,Ethan Johnson,Database Administrator,1634.0
994,Carlos Carrillo,Full Stack Developer,10174.0
995,Sean Long,IT Trainer,3384.0
996,Tracy Lyons,Database Administrator,9587.0
997,Jared Smith,Full Stack Developer,11939.0
998,Gerald Allen,UX/UI Designer,835.0
999,Emily Vargas,IT Auditor,11852.0
1000,Margaret Kelley,IT Recruiter,8542.0
